0,1,2,3,4,5,6,7,8
市,区/县,周五(11月10日)白天,周五(11月10日)白天,周五(11月10日)白天,周五(11月10日)夜间,周五(11月10日)夜间,周五(11月10日)夜间,
市,区/县,天气现象,风向风力,最高气温,天气现象,风向风力,最低气温,
济南,济南,-,- -,-,雨夹雪,北风 <3级,1,详情
济南,长清,-,- -,-,雨夹雪,东北风 <3级,1,详情
济南,商河,-,- -,-,小雪,北风 <3级,-1,详情
济南,章丘,-,- -,-,雨夹雪,北风 <3级,0,详情
济南,平阴,-,- -,-,雨夹雪,北风 <3级,1,详情
济南,济阳,-,- -,-,小雪,北风 <3级,-1,详情
济南,历下,-,- -,-,雨夹雪,北风 <3级,1,详情
济南,市中,-,- -,-,雨夹雪,北风 <3级,1,详情
济南,槐荫,-,- -,-,雨夹雪,北风 <3级,1,详情
济南,天桥,-,- -,-,雨夹雪,北风 <3级,1,详情
济南,历城,-,- -,-,雨夹雪,北风 <3级,1,详情
青岛,青岛,-,- -,-,阴,北风 3-4级,4,详情
青岛,崂山,-,- -,-,阴,北风 3-4级,2,详情
青岛,市南,-,- -,-,阴,北风 3-4级,4,详情
青岛,即墨,-,- -,-,阴,北风 3-4级,2,详情
青岛,胶州,-,- -,-,阴,北风 3-4级,3,详情
青岛,黄岛,-,- -,-,阴,北风 3-4级,4,详情
青岛,莱西,-,- -,-,雨夹雪,北风 3-4级,2,详情
青岛,平度,-,- -,-,雨夹雪,北风 3-4级,2,详情
青岛,市北,-,- -,-,阴,北风 3-4级,4,详情
青岛,李沧,-,- -,-,阴,北风 3-4级,2,详情
青岛,城阳,-,- -,-,阴,北风 3-4级,2,详情
淄博,淄博,-,- -,-,雨夹雪,北风 <3级,1,详情
淄博,淄川,-,- -,-,雨夹雪,北风 <3级,1,详情
淄博,博山,-,- -,-,雨夹雪,北风 <3级,0,详情
淄博,高青,-,- -,-,雨夹雪,北风 <3级,1,详情
淄博,周村,-,- -,-,雨夹雪,北风 <3级,1,详情
淄博,沂源,-,- -,-,雨夹雪,北风 <3级,0,详情
淄博,桓台,-,- -,-,雨夹雪,北风 <3级,1,详情
淄博,临淄,-,- -,-,雨夹雪,北风 <3级,1,详情
淄博,张店,-,- -,-,雨夹雪,北风 <3级,1,详情
德州,德州,-,- -,-,雨夹雪,北风 <3级,1,详情
德州,武城,-,- -,-,雨夹雪,北风 <3级,1,详情
德州,临邑,-,- -,-,雨夹雪,北风 <3级,1,详情
德州,陵县,-,- -,-,雨夹雪,北风 <3级,1,详情
德州,齐河,-,- -,-,雨夹雪,北风 <3级,1,详情
德州,乐陵,-,- -,-,雨夹雪,西北风 <3级,1,详情
德州,庆云,-,- -,-,雨夹雪,北风 <3级,1,详情
德州,平原,-,- -,-,雨夹雪,北风 <3级,1,详情
德州,宁津,-,- -,-,雨夹雪,北风 <3级,0,详情
德州,夏津,-,- -,-,雨夹雪,北风 <3级,1,详情
德州,禹城,-,- -,-,雨夹雪,东北风 <3级,1,详情
德州,德城,-,- -,-,雨夹雪,北风 <3级,1,详情
德州,陵城,-,- -,-,雨夹雪,北风 <3级,0,详情
烟台,烟台,-,- -,-,小雨,东北风 4-5级,3,详情
烟台,莱州,-,- -,-,雨夹雪,东北风 4-5级,2,详情
烟台,长岛,-,- -,-,小雨,东北风 4-5级,4,详情
烟台,蓬莱,-,- -,-,小雨,东北风 4-5级,3,详情
烟台,龙口,-,- -,-,小雨,东北风 4-5级,3,详情
烟台,招远,-,- -,-,雨夹雪,东北风 4-5级,2,详情
烟台,栖霞,-,- -,-,雨夹雪,东北风 4-5级,1,详情
烟台,福山,-,- -,-,雨夹雪,东北风 4-5级,2,详情
烟台,牟平,-,- -,-,小雨,东北风 4-5级,3,详情
烟台,莱阳,-,- -,-,雨夹雪,东北风 4-5级,1,详情
烟台,海阳,-,- -,-,雨夹雪,东北风 4-5级,2,详情
烟台,芝罘,-,- -,-,小雨,东北风 4-5级,3,详情
烟台,莱山,-,- -,-,小雨,东北风 4-5级,3,详情
潍坊,潍坊,-,- -,-,小雨,东北风 <3级,3,详情
潍坊,青州,-,- -,-,雨夹雪,西北风 <3级,1,详情
潍坊,寿光,-,- -,-,小雨,西北风 <3级,2,详情
潍坊,临朐,-,- -,-,雨夹雪,北风 <3级,1,详情
潍坊,昌乐,-,- -,-,小雨,西北风 <3级,2,详情
潍坊,昌邑,-,- -,-,小雨,东风 <3级,3,详情
潍坊,安丘,-,- -,-,雨夹雪,北风 <3级,2,详情
潍坊,高密,-,- -,-,雨夹雪,东北风 <3级,3,详情
潍坊,诸城,-,- -,-,雨夹雪,北风 <3级,2,详情
潍坊,潍城,-,- -,-,小雨,东北风 <3级,3,详情
潍坊,寒亭,-,- -,-,小雨,东北风 <3级,3,详情
潍坊,坊子,-,- -,-,小雨,东北风 <3级,3,详情
潍坊,奎文,-,- -,-,小雨,东北风 <3级,3,详情
济宁,济宁,-,- -,-,小雨,北风 <3级,3,详情
济宁,嘉祥,-,- -,-,小雨,北风 <3级,2,详情
济宁,微山,-,- -,-,小雨,东北风 <3级,5,详情
济宁,鱼台,-,- -,-,小雨,北风 3-4级,4,详情
济宁,兖州,-,- -,-,小雨,北风 <3级,3,详情
济宁,金乡,-,- -,-,小雨,东北风 <3级,3,详情
济宁,汶上,-,- -,-,小雨,北风 <3级,2,详情
济宁,泗水,-,- -,-,小雨,东北风 <3级,2,详情
济宁,梁山,-,- -,-,小雨,北风 <3级,2,详情
济宁,曲阜,-,- -,-,小雨,北风 <3级,3,详情
济宁,邹城,-,- -,-,小雨,东北风 <3级,3,详情
济宁,任城,-,- -,-,小雨,北风 <3级,3,详情
泰安,泰安,-,- -,-,雨夹雪,北风 <3级,1,详情
泰安,新泰,-,- -,-,雨夹雪,北风 <3级,2,详情
泰安,泰山,-,- -,-,雨夹雪,北风 <3级,1,详情
泰安,肥城,-,- -,-,雨夹雪,北风 <3级,1,详情
泰安,东平,-,- -,-,雨夹雪,北风 <3级,1,详情
泰安,宁阳,-,- -,-,小雨,北风 <3级,2,详情
泰安,岱岳,-,- -,-,雨夹雪,北风 <3级,1,详情
临沂,临沂,-,- -,-,阴,北风 <3级,4,详情
临沂,莒南,-,- -,-,阴,北风 <3级,4,详情
临沂,沂南,-,- -,-,阴,东北风 <3级,2,详情
临沂,兰陵,-,- -,-,阴,东北风 <3级,4,详情
临沂,临沭,-,- -,-,阴,北风 <3级,4,详情
临沂,郯城,-,- -,-,阴,东北风 <3级,4,详情
临沂,蒙阴,-,- -,-,雨夹雪,东北风 <3级,3,详情
临沂,平邑,-,- -,-,雨夹雪,北风 <3级,4,详情
临沂,费县,-,- -,-,阴,北风 <3级,4,详情
临沂,沂水,-,- -,-,小雨,北风 <3级,2,详情
临沂,兰山,-,- -,-,阴,北风 <3级,4,详情
临沂,罗庄,-,- -,-,阴,北风 <3级,4,详情
临沂,河东,-,- -,-,阴,北风 <3级,4,详情
菏泽,菏泽,-,- -,-,雨夹雪,北风 <3级,2,详情
菏泽,鄄城,-,- -,-,雨夹雪,北风 <3级,2,详情
菏泽,郓城,-,- -,-,雨夹雪,北风 <3级,2,详情
菏泽,东明,-,- -,-,雨夹雪,北风 <3级,2,详情
菏泽,定陶,-,- -,-,雨夹雪,北风 <3级,3,详情
菏泽,巨野,-,- -,-,雨夹雪,北风 <3级,2,详情
菏泽,曹县,-,- -,-,小雨,北风 <3级,3,详情
菏泽,成武,-,- -,-,小雨,北风 <3级,3,详情
菏泽,单县,-,- -,-,小雨,北风 <3级,4,详情
菏泽,牡丹,-,- -,-,雨夹雪,北风 <3级,2,详情
滨州,滨州,-,- -,-,雨夹雪,西北风 <3级,1,详情
滨州,博兴,-,- -,-,雨夹雪,西北风 <3级,1,详情
滨州,无棣,-,- -,-,雨夹雪,西北风 <3级,1,详情
滨州,阳信,-,- -,-,雨夹雪,西北风 <3级,1,详情
滨州,惠民,-,- -,-,雨夹雪,西北风 <3级,1,详情
滨州,沾化,-,- -,-,雨夹雪,西北风 <3级,2,详情
滨州,邹平,-,- -,-,雨夹雪,西北风 <3级,1,详情
滨州,滨城,-,- -,-,雨夹雪,西北风 <3级,1,详情
东营,东营,-,- -,-,雨夹雪,西北风 <3级,2,详情
东营,河口,-,- -,-,雨夹雪,北风 <3级,2,详情
东营,垦利,-,- -,-,雨夹雪,西北风 <3级,2,详情
东营,利津,-,- -,-,雨夹雪,西北风 <3级,1,详情
东营,广饶,-,- -,-,雨夹雪,西北风 <3级,1,详情
威海,威海,-,- -,-,多云,北风 4-5级,3,详情
威海,文登,-,- -,-,多云,北风 4-5级,2,详情
威海,荣成,-,- -,-,多云,北风 4-5级,3,详情
威海,乳山,-,- -,-,多云,北风 4-5级,2,详情
威海,成山头,-,- -,-,多云,北风 5-6级,5,详情
威海,石岛,-,- -,-,多云,北风 4-5级,4,详情
威海,环翠,-,- -,-,多云,北风 4-5级,3,详情
枣庄,枣庄,-,- -,-,阴,东北风 <3级,4,详情
枣庄,薛城,-,- -,-,阴,东北风 <3级,5,详情
枣庄,峄城,-,- -,-,阴,东北风 <3级,4,详情
枣庄,台儿庄,-,- -,-,小雨,东北风 <3级,5,详情
枣庄,滕州,-,- -,-,小雨,东北风 <3级,4,详情
枣庄,市中,-,- -,-,阴,东北风 <3级,4,详情
枣庄,山亭,-,- -,-,小雨,东北风 <3级,4,详情
日照,日照,-,- -,-,雨夹雪,北风 3-4级,4,详情
日照,五莲,-,- -,-,雨夹雪,北风 <3级,2,详情
日照,莒县,-,- -,-,雨夹雪,北风 <3级,3,详情
日照,东港,-,- -,-,雨夹雪,北风 3-4级,4,详情
日照,岚山,-,- -,-,雨夹雪,北风 3-4级,4,详情
莱芜,莱芜,-,- -,-,雨夹雪,北风 <3级,1,详情
莱芜,莱城,-,- -,-,雨夹雪,北风 <3级,1,详情
莱芜,钢城,-,- -,-,雨夹雪,北风 <3级,1,详情
聊城,聊城,-,- -,-,雨夹雪,北风 <3级,1,详情
聊城,冠县,-,- -,-,雨夹雪,北风 <3级,1,详情
聊城,阳谷,-,- -,-,雨夹雪,东北风 <3级,1,详情
聊城,高唐,-,- -,-,雨夹雪,北风 <3级,1,详情
聊城,茌平,-,- -,-,雨夹雪,北风 <3级,1,详情
聊城,东阿,-,- -,-,雨夹雪,北风 <3级,2,详情
聊城,临清,-,- -,-,雨夹雪,北风 <3级,1,详情
聊城,东昌府,-,- -,-,雨夹雪,北风 <3级,1,详情
聊城,莘县,-,- -,-,雨夹雪,北风 <3级,1,详情
市,区/县,周六(11月11日)白天,周六(11月11日)白天,周六(11月11日)白天,周六(11月11日)夜间,周六(11月11日)夜间,周六(11月11日)夜间,
市,区/县,天气现象,风向风力,最高气温,天气现象,风向风力,最低气温,
济南,济南,多云,北风 <3级,6,晴,北风 <3级,0,详情
济南,长清,多云,北风 <3级,6,晴,北风 <3级,0,详情
济南,商河,多云,北风 <3级,6,晴,北风 <3级,-4,详情
济南,章丘,多云,北风 <3级,6,晴,北风 <3级,-2,详情
济南,平阴,多云,北风 <3级,6,晴,北风 <3级,-1,详情
济南,济阳,多云,北风 <3级,6,晴,北风 <3级,-3,详情
济南,历下,多云,北风 <3级,6,晴,北风 <3级,0,详情
济南,市中,多云,北风 <3级,6,晴,北风 <3级,0,详情
济南,槐荫,多云,北风 <3级,6,晴,北风 <3级,0,详情
济南,天桥,多云,北风 <3级,6,晴,北风 <3级,0,详情
济南,历城,多云,北风 <3级,6,晴,北风 <3级,0,详情
青岛,青岛,阴,北风 3-4级,8,多云,北风 3-4级,4,详情
青岛,崂山,阴,北风 3-4级,7,多云,北风 3-4级,-1,详情
青岛,市南,阴,北风 3-4级,8,多云,北风 3-4级,4,详情
青岛,即墨,阴,北风 3-4级,8,多云,北风 3-4级,0,详情
青岛,胶州,阴,北风 3-4级,7,多云,北风 3-4级,1,详情
青岛,黄岛,阴,北风 3-4级,8,多云,北风 3-4级,2,详情
青岛,莱西,阴,北风 3-4级,6,多云,北风 3-4级,0,详情
青岛,平度,阴,北风 3-4级,5,多云,北风 3-4级,0,详情
青岛,市北,阴,北风 3-4级,8,多云,北风 3-4级,4,详情
青岛,李沧,阴,北风 3-4级,7,多云,北风 3-4级,-1,详情
青岛,城阳,阴,北风 3-4级,8,多云,北风 3-4级,0,详情
淄博,淄博,多云,北风 <3级,7,晴,西北风 <3级,-2,详情
淄博,淄川,多云,北风 <3级,5,晴,西北风 <3级,-3,详情
淄博,博山,雨夹雪,北风 <3级,4,晴,西北风 <3级,-4,详情
淄博,高青,多云,北风 <3级,7,晴,西北风 <3级,-2,详情
淄博,周村,多云,北风 <3级,6,晴,西北风 <3级,-2,详情
淄博,沂源,雨夹雪,北风 <3级,4,晴,西北风 <3级,-4,详情
淄博,桓台,多云,北风 <3级,7,晴,西北风 <3级,-2,详情
淄博,临淄,多云,北风 <3级,7,晴,西北风 <3级,-2,详情
淄博,张店,多云,北风 <3级,7,晴,西北风 <3级,-2,详情
德州,德州,晴,北风 <3级,6,晴,北风 <3级,-4,详情
德州,武城,晴,北风 <3级,6,晴,北风 <3级,-4,详情
德州,临邑,多云,西北风 <3级,6,晴,北风 <3级,-5,详情
德州,陵县,多云,北风 <3级,6,晴,北风 <3级,-5,详情
德州,齐河,多云,北风 <3级,6,晴,西北风 <3级,-4,详情
德州,乐陵,多云,北风 <3级,7,晴,北风 <3级,-4,详情
德州,庆云,多云,北风 <3级,7,晴,北风 <3级,-4,详情
德州,平原,晴,东北风 <3级,6,晴,北风 <3级,-5,详情
德州,宁津,多云,北风 <3级,7,晴,北风 <3级,-4,详情
德州,夏津,多云,东北风 <3级,6,晴,北风 <3级,-4,详情
德州,禹城,多云,北风 <3级,6,晴,北风 <3级,-4,详情
德州,德城,晴,北风 <3级,6,晴,北风 <3级,-4,详情
德州,陵城,多云,北风 <3级,7,晴,北风 <3级,-4,详情
烟台,烟台,小雨,北风 3-4级,6,小雨,西北风 3-4级,3,详情
烟台,莱州,雨夹雪,北风 3-4级,5,雨夹雪,西北风 3-4级,1,详情
烟台,长岛,小雨,北风 4-5级,7,小雨,西北风 4-5级,4,详情
烟台,蓬莱,小雨,北风 3-4级,7,小雨,西北风 3-4级,3,详情
烟台,龙口,雨夹雪,北风 3-4级,7,小雨,西北风 3-4级,3,详情
烟台,招远,雨夹雪,北风 3-4级,5,雨夹雪,西北风 3-4级,0,详情
烟台,栖霞,雨夹雪,北风 3-4级,4,多云,西北风 3-4级,-2,详情
烟台,福山,小雨,北风 3-4级,5,雨夹雪,西北风 3-4级,0,详情
烟台,牟平,小雨,北风 3-4级,6,小雨,西北风 3-4级,3,详情
烟台,莱阳,阴,北风 3-4级,7,多云,西北风 3-4级,0,详情
烟台,海阳,阴,北风 3-4级,6,晴,西北风 3-4级,-1,详情
烟台,芝罘,小雨,北风 3-4级,6,小雨,西北风 3-4级,3,详情
烟台,莱山,小雨,北风 3-4级,6,小雨,西北风 3-4级,3,详情
潍坊,潍坊,小雨,西北风 <3级,7,晴,西风 <3级,0,详情
潍坊,青州,多云,西北风 <3级,6,晴,西北风 <3级,-1,详情
潍坊,寿光,阴,西北风 <3级,7,晴,西风 <3级,-1,详情
潍坊,临朐,雨夹雪,北风 <3级,6,晴,西北风 <3级,-2,详情
潍坊,昌乐,阴,西北风 <3级,7,晴,西风 <3级,-1,详情
潍坊,昌邑,小雨,北风 <3级,6,多云,西风 <3级,1,详情
潍坊,安丘,小雨,西北风 <3级,7,多云,西北风 <3级,0,详情
潍坊,高密,多云,西北风 <3级,6,晴,西北风 <3级,1,详情
潍坊,诸城,阴,北风 <3级,7,晴,西北风 <3级,-1,详情
潍坊,潍城,小雨,西北风 <3级,7,晴,西风 <3级,0,详情
潍坊,寒亭,小雨,西北风 <3级,7,晴,西风 <3级,0,详情
潍坊,坊子,小雨,西北风 <3级,7,晴,西风 <3级,0,详情
潍坊,奎文,小雨,西北风 <3级,7,晴,西风 <3级,0,详情
济宁,济宁,多云,北风 <3级,7,晴,北风 <3级,-1,详情
济宁,嘉祥,多云,北风 <3级,7,晴,北风 <3级,-1,详情
济宁,微山,多云,西北风 <3级,7,晴,西北风 <3级,0,详情
济宁,鱼台,多云,西北风 <3级,9,晴,西北风 <3级,1,详情
济宁,兖州,多云,北风 <3级,8,晴,北风 <3级,-2,详情
济宁,金乡,多云,北风 <3级,8,晴,北风 <3级,-1,详情
济宁,汶上,多云,北风 <3级,7,晴,北风 <3级,-1,详情
济宁,泗水,多云,北风 <3级,7,晴,东北风 <3级,-3,详情
济宁,梁山,多云,北风 <3级,7,晴,北风 <3级,-1,详情
济宁,曲阜,多云,北风 <3级,8,晴,北风 <3级,-2,详情
济宁,邹城,多云,北风 <3级,7,晴,北风 <3级,-2,详情
济宁,任城,多云,北风 <3级,7,晴,北风 <3级,-1,详情
泰安,泰安,多云,北风 <3级,6,晴,北风 <3级,-3,详情
泰安,新泰,多云,北风 <3级,6,晴,北风 <3级,-3,详情
泰安,泰山,多云,北风 <3级,6,晴,北风 <3级,-3,详情
泰安,肥城,多云,北风 <3级,6,晴,北风 <3级,-3,详情
泰安,东平,多云,北风 <3级,6,晴,北风 <3级,-3,详情
泰安,宁阳,多云,北风 <3级,7,晴,北风 <3级,-2,详情
泰安,岱岳,多云,北风 <3级,6,晴,北风 <3级,-3,详情
临沂,临沂,多云,东北风 <3级,8,多云,北风 <3级,0,详情
临沂,莒南,多云,北风 <3级,8,多云,北风 <3级,0,详情
临沂,沂南,多云,东北风 <3级,7,多云,西北风 <3级,-2,详情
临沂,兰陵,多云,东北风 <3级,8,多云,北风 <3级,0,详情
临沂,临沭,多云,东北风 <3级,8,多云,北风 <3级,-1,详情
临沂,郯城,多云,东北风 <3级,8,多云,北风 <3级,0,详情
临沂,蒙阴,多云,北风 <3级,6,多云,西北风 <3级,-2,详情
临沂,平邑,多云,北风 <3级,8,多云,北风 <3级,-2,详情
临沂,费县,多云,东北风 <3级,7,多云,北风 <3级,-2,详情
临沂,沂水,多云,东北风 <3级,6,多云,西北风 <3级,-2,详情
临沂,兰山,多云,东北风 <3级,8,多云,北风 <3级,0,详情
临沂,罗庄,多云,东北风 <3级,8,多云,北风 <3级,0,详情
临沂,河东,多云,东北风 <3级,8,多云,北风 <3级,0,详情
菏泽,菏泽,多云,北风 <3级,7,晴,北风 <3级,-2,详情
菏泽,鄄城,多云,北风 <3级,7,多云,北风 <3级,-1,详情
菏泽,郓城,多云,北风 <3级,7,晴,北风 <3级,-1,详情
菏泽,东明,多云,北风 <3级,7,晴,北风 <3级,-1,详情
菏泽,定陶,多云,东北风 <3级,7,晴,北风 <3级,-2,详情
菏泽,巨野,多云,北风 <3级,7,晴,北风 <3级,0,详情
菏泽,曹县,小雨,东北风 <3级,8,晴,北风 <3级,-1,详情
菏泽,成武,阴,东北风 <3级,7,晴,北风 <3级,-1,详情
菏泽,单县,阴,北风 <3级,8,晴,北风 <3级,0,详情
菏泽,牡丹,多云,北风 <3级,7,晴,北风 <3级,-2,详情
滨州,滨州,多云,西北风 <3级,7,晴,西北风 <3级,-1,详情
滨州,博兴,多云,西北风 <3级,7,晴,西北风 <3级,-2,详情
滨州,无棣,多云,西北风 <3级,7,晴,西北风 <3级,-1,详情
滨州,阳信,多云,西北风 <3级,7,晴,西北风 <3级,-2,详情
滨州,惠民,多云,西北风 <3级,7,晴,西北风 <3级,-2,详情
滨州,沾化,多云,西北风 <3级,7,晴,西北风 <3级,-1,详情
滨州,邹平,多云,西北风 <3级,6,晴,西北风 <3级,-2,详情
滨州,滨城,多云,西北风 <3级,7,晴,西北风 <3级,-1,详情
东营,东营,多云,西北风 <3级,8,多云,西风 <3级,0,详情
东营,河口,多云,北风 <3级,7,多云,西北风 <3级,2,详情
东营,垦利,多云,北风 <3级,8,多云,西风 <3级,0,详情
东营,利津,多云,北风 <3级,8,多云,西北风 <3级,-1,详情
东营,广饶,阴,西北风 <3级,8,多云,西风 <3级,-2,详情
威海,威海,小雨,北风 4-5级,5,小雨,西北风 4-5级,3,详情
威海,文登,小雨,北风 4-5级,5,雨夹雪,西北风 4-5级,2,详情
威海,荣成,小雨,北风 4-5级,6,雨夹雪,西北风 4-5级,2,详情
威海,乳山,阴,北风 4-5级,6,阴,西北风 4-5级,-2,详情
威海,成山头,小雨,北风 4-5级,7,小雨,西北风 4-5级,5,详情
威海,石岛,阴,北风 4-5级,6,小雨,西北风 4-5级,4,详情
威海,环翠,小雨,北风 4-5级,5,小雨,西北风 4-5级,3,详情
枣庄,枣庄,阴,东北风 <3级,8,晴,北风 <3级,0,详情
枣庄,薛城,阴,西北风 <3级,7,晴,西北风 <3级,2,详情
枣庄,峄城,阴,东北风 <3级,8,晴,北风 <3级,0,详情
枣庄,台儿庄,小雨,东北风 <3级,8,晴,北风 <3级,-1,详情
枣庄,滕州,阴,西北风 <3级,8,晴,北风 <3级,-1,详情
枣庄,市中,阴,东北风 <3级,8,晴,北风 <3级,0,详情
枣庄,山亭,阴,西北风 <3级,8,晴,北风 <3级,-1,详情
日照,日照,阴,北风 <3级,8,晴,北风 <3级,2,详情
日照,五莲,阴,北风 <3级,5,晴,西北风 <3级,-1,详情
日照,莒县,阴,北风 <3级,7,晴,北风 <3级,-1,详情
日照,东港,阴,北风 <3级,8,晴,北风 <3级,2,详情
日照,岚山,阴,北风 <3级,8,晴,北风 <3级,2,详情
莱芜,莱芜,多云,北风 <3级,6,晴,北风 <3级,-2,详情
莱芜,莱城,多云,北风 <3级,6,晴,北风 <3级,-2,详情
莱芜,钢城,多云,北风 <3级,6,晴,北风 <3级,-2,详情
聊城,聊城,多云,北风 <3级,6,晴,北风 <3级,-3,详情
聊城,冠县,多云,北风 <3级,7,晴,北风 <3级,-2,详情
聊城,阳谷,多云,北风 <3级,6,晴,北风 <3级,-3,详情
聊城,高唐,多云,北风 <3级,6,晴,北风 <3级,-3,详情
聊城,茌平,多云,北风 <3级,6,晴,北风 <3级,-3,详情
聊城,东阿,多云,北风 <3级,6,晴,北风 <3级,-2,详情
聊城,临清,多云,北风 <3级,6,晴,西北风 <3级,-3,详情
聊城,东昌府,多云,北风 <3级,6,晴,北风 <3级,-3,详情
聊城,莘县,多云,北风 <3级,6,晴,北风 <3级,-3,详情
市,区/县,周日(11月12日)白天,周日(11月12日)白天,周日(11月12日)白天,周日(11月12日)夜间,周日(11月12日)夜间,周日(11月12日)夜间,
市,区/县,天气现象,风向风力,最高气温,天气现象,风向风力,最低气温,
济南,济南,晴,北风 <3级,6,晴,北风 <3级,-1,详情
济南,长清,晴,北风 <3级,6,晴,北风 <3级,-1,详情
济南,商河,晴,北风 <3级,6,晴,北风 <3级,-5,详情
济南,章丘,晴,北风 <3级,5,晴,北风 <3级,-2,详情
济南,平阴,晴,北风 <3级,6,晴,北风 <3级,-1,详情
济南,济阳,晴,北风 <3级,6,晴,北风 <3级,-5,详情
济南,历下,晴,北风 <3级,6,晴,北风 <3级,-1,详情
济南,市中,晴,北风 <3级,6,晴,北风 <3级,-1,详情
济南,槐荫,晴,北风 <3级,6,晴,北风 <3级,-1,详情
济南,天桥,晴,北风 <3级,6,晴,北风 <3级,-1,详情
济南,历城,晴,北风 <3级,6,晴,北风 <3级,-1,详情
青岛,青岛,多云,北风 4-5级,9,多云,北风 4-5级,3,详情
青岛,崂山,多云,北风 4-5级,7,多云,北风 4-5级,-2,详情
青岛,市南,多云,北风 4-5级,9,多云,北风 4-5级,3,详情
青岛,即墨,多云,北风 4-5级,8,多云,北风 4-5级,-2,详情
青岛,胶州,多云,北风 4-5级,8,多云,北风 4-5级,1,详情
青岛,黄岛,多云,北风 4-5级,8,多云,北风 4-5级,2,详情
青岛,莱西,多云,北风 4-5级,8,多云,北风 4-5级,0,详情
青岛,平度,多云,北风 4-5级,7,多云,北风 4-5级,0,详情
青岛,市北,多云,北风 4-5级,9,多云,北风 4-5级,3,详情
青岛,李沧,多云,北风 4-5级,7,多云,北风 4-5级,-2,详情
青岛,城阳,多云,北风 4-5级,8,多云,北风 4-5级,-2,详情
淄博,淄博,晴,西北风 <3级,6,晴,西风 <3级,-4,详情
淄博,淄川,晴,西北风 <3级,6,晴,西风 <3级,-3,详情
淄博,博山,晴,西北风 <3级,4,晴,西风 <3级,-4,详情
淄博,高青,晴,西北风 <3级,6,晴,西风 <3级,-3,详情
淄博,周村,晴,西北风 <3级,6,晴,西风 <3级,-3,详情
淄博,沂源,晴,西北风 <3级,4,晴,西风 <3级,-4,详情
淄博,桓台,晴,西北风 <3级,6,晴,西风 <3级,-3,详情
淄博,临淄,晴,西北风 3-4级,6,晴,西风 <3级,-3,详情
淄博,张店,晴,西北风 <3级,6,晴,西风 <3级,-4,详情
德州,德州,晴,北风 <3级,7,多云,西南风 <3级,-6,详情
德州,武城,晴,东北风 <3级,7,多云,西南风 <3级,-6,详情
德州,临邑,晴,北风 <3级,7,多云,西风 <3级,-6,详情
德州,陵县,晴,北风 <3级,7,多云,西南风 <3级,-6,详情
德州,齐河,晴,北风 <3级,7,多云,西南风 <3级,-6,详情
德州,乐陵,晴,北风 <3级,6,多云,西南风 <3级,-6,详情
德州,庆云,晴,北风 <3级,6,多云,西南风 <3级,-6,详情
德州,平原,晴,北风 <3级,7,多云,西南风 <3级,-6,详情
德州,宁津,晴,北风 <3级,7,多云,西北风 <3级,-6,详情
德州,夏津,晴,北风 <3级,7,多云,西南风 <3级,-6,详情
德州,禹城,晴,北风 <3级,7,多云,西南风 <3级,-6,详情
德州,德城,晴,北风 <3级,7,多云,西南风 <3级,-6,详情
德州,陵城,晴,北风 <3级,7,多云,西北风 <3级,-6,详情
烟台,烟台,小雨,北风 4-5级,6,小雨,北风 4-5级,3,详情
烟台,莱州,小雨,北风 4-5级,7,阴,北风 4-5级,1,详情
烟台,长岛,小雨,北风 4-5级,8,多云,北风 5-6级,5,详情
烟台,蓬莱,小雨,北风 4-5级,8,多云,北风 4-5级,4,详情
烟台,龙口,小雨,北风 4-5级,8,多云,北风 4-5级,3,详情
烟台,招远,小雨,北风 4-5级,7,阴,北风 4-5级,1,详情
烟台,栖霞,雨夹雪,北风 4-5级,7,阴,北风 4-5级,0,详情
烟台,福山,雨夹雪,北风 4-5级,6,雨夹雪,北风 4-5级,2,详情
烟台,牟平,小雨,北风 4-5级,6,小雨,北风 4-5级,3,详情
烟台,莱阳,多云,北风 4-5级,8,晴,北风 4-5级,-1,详情
烟台,海阳,多云,北风 4-5级,7,晴,北风 4-5级,0,详情
烟台,芝罘,小雨,北风 4-5级,6,小雨,北风 4-5级,3,详情
烟台,莱山,小雨,北风 4-5级,6,小雨,北风 4-5级,3,详情
潍坊,潍坊,晴,西北风 3-4级,7,晴,西北风 <3级,-1,详情
潍坊,青州,晴,西北风 3-4级,6,晴,西风 <3级,-2,详情
潍坊,寿光,晴,西北风 3-4级,7,晴,西北风 <3级,-2,详情
潍坊,临朐,晴,西北风 3-4级,6,晴,西北风 <3级,-3,详情
潍坊,昌乐,晴,西北风 3-4级,7,晴,西北风 <3级,-2,详情
潍坊,昌邑,晴,西北风 3-4级,7,晴,西北风 <3级,0,详情
潍坊,安丘,晴,西北风 3-4级,7,晴,西北风 <3级,-1,详情
潍坊,高密,多云,西北风 3-4级,8,晴,西北风 <3级,1,详情
潍坊,诸城,晴,西北风 3-4级,7,晴,西北风 <3级,0,详情
潍坊,潍城,晴,西北风 3-4级,7,晴,西北风 <3级,-1,详情
潍坊,寒亭,晴,西北风 3-4级,7,晴,西北风 <3级,-1,详情
潍坊,坊子,晴,西北风 3-4级,7,晴,西北风 <3级,-1,详情
潍坊,奎文,晴,西北风 3-4级,7,晴,西北风 <3级,-1,详情
济宁,济宁,晴,北风 <3级,9,晴,东北风 <3级,-4,详情
济宁,嘉祥,晴,北风 <3级,9,晴,北风 <3级,-3,详情
济宁,微山,晴,西北风 <3级,9,晴,北风 <3级,-2,详情
济宁,鱼台,晴,北风 <3级,9,晴,北风 <3级,-1,详情
济宁,兖州,晴,西北风 <3级,9,晴,北风 <3级,-4,详情
济宁,金乡,晴,北风 <3级,9,晴,东北风 <3级,-3,详情
济宁,汶上,晴,北风 <3级,8,晴,东北风 <3级,-4,详情
济宁,泗水,晴,西北风 <3级,8,晴,北风 <3级,-4,详情
济宁,梁山,晴,北风 <3级,8,晴,东北风 <3级,-4,详情
济宁,曲阜,晴,西北风 <3级,8,晴,北风 <3级,-3,详情
济宁,邹城,晴,西北风 <3级,8,晴,北风 <3级,-3,详情
济宁,任城,晴,北风 <3级,9,晴,东北风 <3级,-4,详情
泰安,泰安,晴,北风 <3级,7,多云,北风 <3级,-4,详情
泰安,新泰,晴,北风 <3级,7,多云,北风 <3级,-4,详情
泰安,泰山,晴,北风 <3级,7,多云,北风 <3级,-4,详情
泰安,肥城,晴,北风 <3级,7,多云,东北风 <3级,-4,详情
泰安,东平,晴,北风 <3级,8,多云,北风 <3级,-4,详情
泰安,宁阳,晴,北风 <3级,8,多云,北风 <3级,-4,详情
泰安,岱岳,晴,北风 <3级,7,多云,北风 <3级,-4,详情
临沂,临沂,晴,西北风 <3级,9,晴,北风 <3级,-1,详情
临沂,莒南,晴,西北风 <3级,8,晴,北风 <3级,-1,详情
临沂,沂南,晴,西北风 <3级,8,晴,西北风 <3级,-2,详情
临沂,兰陵,晴,西北风 <3级,9,晴,北风 <3级,-1,详情
临沂,临沭,晴,西北风 <3级,9,晴,北风 <3级,-2,详情
临沂,郯城,晴,西北风 <3级,9,晴,北风 <3级,-1,详情
临沂,蒙阴,晴,西北风 3-4级,7,晴,西北风 <3级,-3,详情
临沂,平邑,晴,西北风 <3级,7,晴,北风 <3级,-3,详情
临沂,费县,晴,西北风 <3级,8,晴,西北风 <3级,-3,详情
临沂,沂水,晴,西北风 <3级,7,晴,北风 <3级,-1,详情
临沂,兰山,晴,西北风 <3级,9,晴,北风 <3级,-1,详情
临沂,罗庄,晴,西北风 <3级,9,晴,北风 <3级,-1,详情
临沂,河东,晴,西北风 <3级,9,晴,北风 <3级,-1,详情
菏泽,菏泽,晴,北风 <3级,9,多云,北风 <3级,-2,详情
菏泽,鄄城,晴,北风 <3级,9,阴,北风 <3级,-3,详情
菏泽,郓城,晴,北风 <3级,9,多云,东北风 <3级,-3,详情
菏泽,东明,晴,北风 <3级,10,多云,东北风 <3级,-2,详情
菏泽,定陶,晴,北风 <3级,10,多云,东北风 <3级,-2,详情
菏泽,巨野,晴,北风 <3级,9,多云,北风 <3级,-3,详情
菏泽,曹县,晴,北风 <3级,10,多云,东北风 <3级,-2,详情
菏泽,成武,晴,北风 <3级,10,多云,北风 <3级,-3,详情
菏泽,单县,多云,北风 <3级,10,多云,北风 <3级,-2,详情
菏泽,牡丹,晴,北风 <3级,9,多云,北风 <3级,-2,详情
滨州,滨州,晴,西北风 3-4级,6,多云,西北风 <3级,-3,详情
滨州,博兴,晴,西北风 3-4级,6,多云,西北风 <3级,-3,详情
滨州,无棣,晴,西北风 3-4级,6,多云,西北风 <3级,-3,详情
滨州,阳信,晴,西北风 3-4级,6,多云,西北风 <3级,-4,详情
滨州,惠民,晴,西北风 3-4级,6,多云,西北风 <3级,-4,详情
滨州,沾化,晴,西北风 3-4级,6,多云,西北风 <3级,-2,详情
滨州,邹平,晴,西北风 3-4级,6,多云,西北风 <3级,-3,详情
滨州,滨城,晴,西北风 3-4级,6,多云,西北风 <3级,-3,详情
东营,东营,晴,西北风 3-4级,7,晴,西风 <3级,-1,详情
东营,河口,晴,西北风 3-4级,6,晴,北风 <3级,0,详情
东营,垦利,晴,西北风 3-4级,7,晴,西风 <3级,-1,详情
东营,利津,晴,西北风 3-4级,7,晴,西风 <3级,-2,详情
东营,广饶,晴,西北风 3-4级,7,晴,西风 <3级,-3,详情
威海,威海,雨夹雪,西北风 5-6级,6,雨夹雪,西北风 5-6级,3,详情
威海,文登,雨夹雪,西北风 5-6级,6,雨夹雪,西北风 5-6级,2,详情
威海,荣成,雨夹雪,西北风 5-6级,7,雨夹雪,西北风 5-6级,2,详情
威海,乳山,雨夹雪,西北风 5-6级,7,阴,西北风 5-6级,0,详情
威海,成山头,雨夹雪,西北风 5-6级,7,小雨,西北风 5-6级,5,详情
威海,石岛,雨夹雪,西北风 5-6级,6,阴,西北风 5-6级,3,详情
威海,环翠,雨夹雪,西北风 5-6级,6,雨夹雪,西北风 5-6级,3,详情
枣庄,枣庄,晴,西北风 <3级,9,晴,北风 <3级,-2,详情
枣庄,薛城,晴,西北风 <3级,9,晴,北风 <3级,-1,详情
枣庄,峄城,晴,西北风 <3级,9,晴,西北风 <3级,-2,详情
枣庄,台儿庄,多云,西北风 <3级,9,晴,西北风 <3级,-4,详情
枣庄,滕州,晴,西北风 <3级,9,多云,北风 <3级,-3,详情
枣庄,市中,晴,西北风 <3级,9,晴,北风 <3级,-2,详情
枣庄,山亭,晴,西北风 <3级,9,多云,北风 <3级,-3,详情
日照,日照,晴,北风 3-4级,8,晴,北风 3-4级,1,详情
日照,五莲,晴,西北风 3-4级,6,晴,北风 <3级,-2,详情
日照,莒县,晴,西北风 3-4级,8,晴,北风 <3级,-2,详情
日照,东港,晴,北风 3-4级,8,晴,北风 3-4级,1,详情
日照,岚山,晴,北风 3-4级,8,晴,北风 3-4级,1,详情
莱芜,莱芜,晴,北风 <3级,6,晴,北风 <3级,-2,详情
莱芜,莱城,晴,北风 <3级,6,晴,北风 <3级,-2,详情
莱芜,钢城,晴,北风 <3级,6,晴,北风 <3级,-2,详情
聊城,聊城,晴,北风 <3级,8,晴,北风 <3级,-3,详情
聊城,冠县,晴,北风 <3级,9,晴,北风 <3级,-3,详情
聊城,阳谷,晴,北风 <3级,8,晴,北风 <3级,-3,详情
聊城,高唐,晴,北风 <3级,7,晴,北风 <3级,-4,详情
聊城,茌平,晴,北风 <3级,7,晴,北风 <3级,-4,详情
聊城,东阿,晴,北风 <3级,7,晴,北风 <3级,-4,详情
聊城,临清,晴,北风 <3级,8,晴,北风 <3级,-3,详情
聊城,东昌府,晴,北风 <3级,8,晴,北风 <3级,-3,详情
聊城,莘县,晴,北风 <3级,8,晴,北风 <3级,-3,详情
市,区/县,周一(11月13日)白天,周一(11月13日)白天,周一(11月13日)白天,周一(11月13日)夜间,周一(11月13日)夜间,周一(11月13日)夜间,
市,区/县,天气现象,风向风力,最高气温,天气现象,风向风力,最低气温,
济南,济南,多云,南风 <3级,7,多云,南风 <3级,1,详情
济南,长清,多云,南风 <3级,7,多云,南风 <3级,0,详情
济南,商河,多云,南风 <3级,8,多云,南风 <3级,-2,详情
济南,章丘,多云,南风 <3级,6,多云,南风 <3级,0,详情
济南,平阴,多云,南风 <3级,7,多云,南风 <3级,0,详情
济南,济阳,多云,南风 <3级,7,多云,南风 <3级,-2,详情
济南,历下,多云,南风 <3级,7,多云,南风 <3级,1,详情
济南,市中,多云,南风 <3级,7,多云,南风 <3级,1,详情
济南,槐荫,多云,南风 <3级,7,多云,南风 <3级,1,详情
济南,天桥,多云,南风 <3级,7,多云,南风 <3级,1,详情
济南,历城,多云,南风 <3级,7,多云,南风 <3级,1,详情
青岛,青岛,晴,西北风 3-4级,9,晴,北风 3-4级,3,详情
青岛,崂山,晴,西北风 3-4级,8,晴,北风 3-4级,0,详情
青岛,市南,晴,西北风 3-4级,9,晴,北风 3-4级,3,详情
青岛,即墨,晴,西北风 3-4级,9,晴,北风 3-4级,-1,详情
青岛,胶州,晴,西北风 3-4级,9,晴,北风 3-4级,0,详情
青岛,黄岛,晴,西北风 3-4级,9,晴,北风 3-4级,2,详情
青岛,莱西,晴,西北风 3-4级,9,晴,北风 3-4级,-1,详情
青岛,平度,晴,西北风 3-4级,8,晴,北风 3-4级,-1,详情
青岛,市北,晴,西北风 3-4级,9,晴,北风 3-4级,3,详情
青岛,李沧,晴,西北风 3-4级,8,晴,北风 3-4级,0,详情
青岛,城阳,晴,西北风 3-4级,9,晴,北风 3-4级,-1,详情
淄博,淄博,阴,西风 <3级,8,阴,南风 <3级,-1,详情
淄博,淄川,阴,西风 <3级,7,阴,南风 <3级,0,详情
淄博,博山,阴,西风 <3级,6,阴,南风 <3级,-1,详情
淄博,高青,阴,西风 <3级,7,阴,南风 <3级,-1,详情
淄博,周村,阴,西风 <3级,7,阴,南风 <3级,-2,详情
淄博,沂源,阴,西风 <3级,5,阴,南风 <3级,-2,详情
淄博,桓台,阴,西风 <3级,8,阴,南风 <3级,-1,详情
淄博,临淄,阴,西风 <3级,7,阴,南风 <3级,0,详情
淄博,张店,阴,西风 <3级,8,阴,南风 <3级,-1,详情
德州,德州,多云,南风 <3级,8,阴,南风 <3级,-3,详情
德州,武城,多云,南风 <3级,8,多云,南风 <3级,-3,详情
德州,临邑,多云,南风 <3级,8,阴,南风 <3级,-3,详情
德州,陵县,多云,西南风 <3级,8,阴,南风 <3级,-3,详情
德州,齐河,多云,南风 <3级,7,多云,南风 <3级,-3,详情
德州,乐陵,多云,西南风 <3级,8,阴,南风 <3级,-3,详情
德州,庆云,多云,南风 <3级,8,阴,南风 <3级,-3,详情
德州,平原,多云,南风 <3级,8,阴,南风 <3级,-3,详情
德州,宁津,多云,南风 <3级,8,阴,南风 <3级,-3,详情
德州,夏津,多云,南风 <3级,8,多云,南风 <3级,-2,详情
德州,禹城,多云,西南风 <3级,8,多云,南风 <3级,-3,详情
德州,德城,多云,南风 <3级,8,阴,南风 <3级,-3,详情
德州,陵城,多云,南风 <3级,8,阴,南风 <3级,-3,详情
烟台,烟台,阴,西北风 3-4级,9,阴,西南风 <3级,4,详情
烟台,莱州,阴,西北风 3-4级,8,阴,南风 <3级,2,详情
烟台,长岛,阴,西风 3-4级,10,阴,西风 3-4级,7,详情
烟台,蓬莱,阴,西北风 3-4级,9,阴,西南风 <3级,4,详情
烟台,龙口,阴,西北风 3-4级,9,阴,南风 <3级,5,详情
烟台,招远,阴,西北风 3-4级,8,阴,东南风 <3级,0,详情
烟台,栖霞,阴,西北风 3-4级,8,阴,南风 <3级,0,详情
烟台,福山,阴,西北风 3-4级,9,阴,西南风 <3级,2,详情
烟台,牟平,阴,西北风 3-4级,9,阴,西风 <3级,4,详情
烟台,莱阳,阴,西北风 3-4级,10,阴,西风 <3级,-1,详情
烟台,海阳,阴,西北风 3-4级,9,阴,西北风 <3级,0,详情
烟台,芝罘,阴,西北风 3-4级,9,阴,西南风 <3级,4,详情
烟台,莱山,阴,西北风 3-4级,9,阴,西南风 <3级,4,详情
潍坊,潍坊,多云,西风 <3级,8,多云,南风 <3级,0,详情
潍坊,青州,多云,西风 <3级,7,多云,南风 <3级,-1,详情
潍坊,寿光,多云,西风 <3级,8,多云,西南风 <3级,-1,详情
潍坊,临朐,多云,西北风 <3级,7,多云,西南风 <3级,-1,详情
潍坊,昌乐,多云,西风 <3级,8,多云,西南风 <3级,0,详情
潍坊,昌邑,多云,西风 <3级,8,阴,南风 <3级,-1,详情
潍坊,安丘,多云,西北风 <3级,8,多云,南风 <3级,-1,详情
潍坊,高密,多云,西北风 <3级,9,多云,南风 <3级,0,详情
潍坊,诸城,多云,西北风 <3级,8,多云,西南风 <3级,0,详情
潍坊,潍城,多云,西风 <3级,8,多云,南风 <3级,0,详情
潍坊,寒亭,多云,西风 <3级,8,多云,南风 <3级,0,详情
潍坊,坊子,多云,西风 <3级,8,多云,南风 <3级,0,详情
潍坊,奎文,多云,西风 <3级,8,多云,南风 <3级,0,详情
济宁,济宁,多云,南风 <3级,8,多云,南风 <3级,-1,详情
济宁,嘉祥,多云,南风 <3级,8,晴,南风 <3级,0,详情
济宁,微山,多云,东南风 <3级,7,多云,西南风 <3级,-1,详情
济宁,鱼台,多云,南风 <3级,8,晴,南风 <3级,-1,详情
济宁,兖州,多云,南风 <3级,8,多云,南风 <3级,-1,详情
济宁,金乡,多云,南风 <3级,8,晴,南风 <3级,0,详情
济宁,汶上,多云,南风 <3级,7,晴,南风 <3级,-1,详情
济宁,泗水,多云,西南风 <3级,7,多云,南风 <3级,-2,详情
济宁,梁山,多云,南风 <3级,8,晴,南风 <3级,-1,详情
济宁,曲阜,多云,南风 <3级,7,多云,南风 <3级,-2,详情
济宁,邹城,多云,南风 <3级,7,晴,南风 <3级,-1,详情
济宁,任城,多云,南风 <3级,8,多云,南风 <3级,-1,详情
泰安,泰安,多云,南风 <3级,7,多云,南风 <3级,-1,详情
泰安,新泰,多云,南风 <3级,7,多云,南风 <3级,-1,详情
泰安,泰山,多云,南风 <3级,7,多云,南风 <3级,-1,详情
泰安,肥城,多云,南风 <3级,7,多云,南风 <3级,-1,详情
泰安,东平,多云,南风 <3级,8,多云,南风 <3级,-1,详情
泰安,宁阳,多云,南风 <3级,8,多云,南风 <3级,-2,详情
泰安,岱岳,多云,南风 <3级,7,多云,南风 <3级,-1,详情
临沂,临沂,多云,北风 <3级,8,多云,西风 <3级,-2,详情
临沂,莒南,多云,西北风 <3级,8,多云,西风 <3级,-2,详情
临沂,沂南,多云,西北风 <3级,8,多云,西风 <3级,-4,详情
临沂,兰陵,多云,北风 <3级,8,晴,西北风 <3级,-1,详情
临沂,临沭,多云,北风 <3级,8,多云,西风 <3级,-2,详情
临沂,郯城,多云,北风 <3级,8,多云,南风 <3级,0,详情
临沂,蒙阴,多云,西风 <3级,8,多云,西风 <3级,-3,详情
临沂,平邑,多云,西风 <3级,8,晴,西南风 <3级,-2,详情
临沂,费县,多云,西北风 <3级,8,多云,西风 <3级,-2,详情
临沂,沂水,多云,西北风 <3级,8,多云,西风 <3级,-4,详情
临沂,兰山,多云,北风 <3级,8,多云,西风 <3级,-2,详情
临沂,罗庄,多云,北风 <3级,8,多云,西风 <3级,-2,详情
临沂,河东,多云,北风 <3级,8,多云,西风 <3级,-2,详情
菏泽,菏泽,阴,南风 <3级,9,晴,南风 <3级,0,详情
菏泽,鄄城,阴,南风 <3级,8,晴,南风 <3级,-1,详情
菏泽,郓城,阴,南风 <3级,8,晴,南风 <3级,0,详情
菏泽,东明,阴,南风 <3级,9,晴,南风 <3级,0,详情
菏泽,定陶,阴,南风 <3级,9,晴,南风 <3级,0,详情
菏泽,巨野,阴,南风 <3级,8,晴,南风 <3级,-1,详情
菏泽,曹县,阴,南风 <3级,8,晴,南风 <3级,0,详情
菏泽,成武,阴,南风 <3级,8,晴,南风 <3级,0,详情
菏泽,单县,阴,南风 <3级,8,晴,南风 <3级,0,详情
菏泽,牡丹,阴,南风 <3级,9,晴,南风 <3级,0,详情
滨州,滨州,阴,西南风 <3级,8,多云,西南风 <3级,-1,详情
滨州,博兴,阴,西南风 <3级,8,多云,西南风 <3级,-1,详情
滨州,无棣,阴,西南风 <3级,8,多云,西南风 <3级,-1,详情
滨州,阳信,阴,西南风 <3级,8,多云,西南风 <3级,-2,详情
滨州,惠民,阴,西南风 <3级,7,多云,西南风 <3级,-2,详情
滨州,沾化,阴,西南风 <3级,8,多云,西南风 <3级,0,详情
滨州,邹平,阴,西南风 <3级,7,多云,西南风 <3级,-1,详情
滨州,滨城,阴,西南风 <3级,8,多云,西南风 <3级,-1,详情
东营,东营,多云,西风 <3级,8,多云,西南风 <3级,0,详情
东营,河口,多云,西风 <3级,8,多云,西南风 <3级,1,详情
东营,垦利,多云,西风 <3级,8,多云,南风 <3级,0,详情
东营,利津,多云,西风 <3级,8,多云,南风 <3级,0,详情
东营,广饶,多云,西风 <3级,8,多云,南风 <3级,-1,详情
威海,威海,多云,西北风 4-5级,8,阴,西风 3-4级,4,详情
威海,文登,多云,西北风 4-5级,8,阴,西风 3-4级,1,详情
威海,荣成,多云,西北风 4-5级,9,阴,西风 3-4级,3,详情
威海,乳山,多云,西北风 4-5级,9,阴,西北风 3-4级,0,详情
威海,成山头,多云,西北风 4-5级,10,阴,西风 3-4级,6,详情
威海,石岛,多云,西北风 4-5级,9,阴,西风 3-4级,4,详情
威海,环翠,多云,西北风 4-5级,8,阴,西风 3-4级,4,详情
枣庄,枣庄,阴,西南风 <3级,7,晴,西风 <3级,0,详情
枣庄,薛城,阴,东南风 <3级,7,晴,西南风 <3级,0,详情
枣庄,峄城,阴,西南风 <3级,7,晴,西南风 <3级,-1,详情
枣庄,台儿庄,阴,西南风 <3级,8,晴,西南风 <3级,-1,详情
枣庄,滕州,阴,南风 <3级,7,晴,南风 <3级,-2,详情
枣庄,市中,阴,西南风 <3级,7,晴,西风 <3级,0,详情
枣庄,山亭,阴,南风 <3级,7,晴,南风 <3级,-2,详情
日照,日照,阴,北风 <3级,9,多云,西风 <3级,1,详情
日照,五莲,阴,西北风 <3级,7,多云,西南风 <3级,-1,详情
日照,莒县,阴,西北风 <3级,8,多云,西南风 <3级,-3,详情
日照,东港,阴,北风 <3级,9,多云,西风 <3级,1,详情
日照,岚山,阴,北风 <3级,9,多云,西风 <3级,1,详情
莱芜,莱芜,多云,南风 <3级,6,多云,南风 <3级,0,详情
莱芜,莱城,多云,南风 <3级,6,多云,南风 <3级,0,详情
莱芜,钢城,多云,南风 <3级,6,多云,南风 <3级,0,详情
聊城,聊城,多云,南风 <3级,8,多云,南风 <3级,-1,详情
聊城,冠县,多云,南风 <3级,8,多云,南风 <3级,0,详情
聊城,阳谷,多云,南风 <3级,8,多云,南风 <3级,-1,详情
聊城,高唐,多云,南风 <3级,8,多云,南风 <3级,-1,详情
聊城,茌平,多云,南风 <3级,8,多云,南风 <3级,-1,详情
聊城,东阿,多云,南风 <3级,8,多云,南风 <3级,-1,详情
聊城,临清,多云,南风 <3级,8,多云,南风 <3级,0,详情
聊城,东昌府,多云,南风 <3级,8,多云,南风 <3级,-1,详情
聊城,莘县,多云,南风 <3级,8,多云,南风 <3级,-1,详情
市,区/县,周二(11月14日)白天,周二(11月14日)白天,周二(11月14日)白天,周二(11月14日)夜间,周二(11月14日)夜间,周二(11月14日)夜间,
市,区/县,天气现象,风向风力,最高气温,天气现象,风向风力,最低气温,
济南,济南,晴,南风 <3级,10,晴,南风 <3级,2,详情
济南,长清,晴,南风 <3级,10,晴,南风 <3级,2,详情
济南,商河,晴,南风 <3级,10,晴,南风 <3级,-1,详情
济南,章丘,晴,南风 <3级,10,晴,南风 <3级,0,详情
济南,平阴,晴,南风 <3级,10,晴,南风 <3级,1,详情
济南,济阳,晴,南风 <3级,10,晴,南风 <3级,0,详情
济南,历下,晴,南风 <3级,10,晴,南风 <3级,2,详情
济南,市中,晴,南风 <3级,10,晴,南风 <3级,2,详情
济南,槐荫,晴,南风 <3级,10,晴,南风 <3级,2,详情
济南,天桥,晴,南风 <3级,10,晴,南风 <3级,2,详情
济南,历城,晴,南风 <3级,10,晴,南风 <3级,2,详情
青岛,青岛,晴,西南风 3-4级,11,晴,西南风 3-4级,4,详情
青岛,崂山,晴,西南风 3-4级,9,晴,西南风 3-4级,1,详情
青岛,市南,晴,西南风 3-4级,11,晴,西南风 3-4级,4,详情
青岛,即墨,晴,西南风 3-4级,10,晴,西南风 3-4级,-1,详情
青岛,胶州,晴,西南风 3-4级,11,晴,西南风 3-4级,0,详情
青岛,黄岛,晴,西南风 3-4级,10,晴,西南风 3-4级,2,详情
青岛,莱西,晴,西南风 3-4级,10,晴,西南风 3-4级,-1,详情
青岛,平度,晴,西南风 3-4级,10,晴,西南风 3-4级,-1,详情
青岛,市北,晴,西南风 3-4级,11,晴,西南风 3-4级,4,详情
青岛,李沧,晴,西南风 3-4级,9,晴,西南风 3-4级,1,详情
青岛,城阳,晴,西南风 3-4级,10,晴,西南风 3-4级,-1,详情
淄博,淄博,晴,南风 <3级,12,多云,南风 <3级,-1,详情
淄博,淄川,晴,南风 <3级,11,多云,南风 <3级,-1,详情
淄博,博山,晴,南风 <3级,9,多云,南风 <3级,-1,详情
淄博,高青,晴,南风 <3级,11,多云,南风 <3级,-2,详情
淄博,周村,晴,南风 <3级,11,多云,南风 <3级,-1,详情
淄博,沂源,晴,南风 <3级,8,多云,南风 <3级,-2,详情
淄博,桓台,晴,南风 <3级,12,多云,南风 <3级,-1,详情
淄博,临淄,晴,南风 <3级,12,多云,南风 <3级,-2,详情
淄博,张店,晴,南风 <3级,12,多云,南风 <3级,-1,详情
德州,德州,晴,南风 <3级,10,多云,南风 <3级,0,详情
德州,武城,晴,南风 <3级,10,多云,南风 <3级,0,详情
德州,临邑,晴,南风 <3级,10,多云,南风 <3级,-1,详情
德州,陵县,晴,南风 <3级,10,多云,南风 <3级,0,详情
德州,齐河,晴,南风 <3级,10,多云,南风 <3级,1,详情
德州,乐陵,晴,南风 <3级,10,多云,南风 <3级,-1,详情
德州,庆云,晴,南风 <3级,10,多云,南风 <3级,-1,详情
德州,平原,晴,南风 <3级,10,多云,南风 <3级,0,详情
德州,宁津,晴,南风 <3级,10,多云,南风 <3级,-1,详情
德州,夏津,晴,南风 <3级,11,多云,南风 <3级,0,详情
德州,禹城,晴,南风 <3级,10,多云,南风 <3级,0,详情
德州,德城,晴,南风 <3级,10,多云,南风 <3级,0,详情
德州,陵城,晴,南风 <3级,10,多云,南风 <3级,-1,详情
烟台,烟台,多云,西南风 <3级,10,晴,西南风 <3级,1,详情
烟台,莱州,多云,南风 <3级,9,多云,南风 <3级,2,详情
烟台,长岛,多云,西南风 3-4级,10,晴,西南风 <3级,8,详情
烟台,蓬莱,多云,西南风 <3级,10,晴,南风 <3级,3,详情
烟台,龙口,多云,南风 <3级,9,晴,南风 <3级,4,详情
烟台,招远,多云,南风 <3级,9,晴,南风 <3级,-1,详情
烟台,栖霞,多云,西南风 <3级,9,晴,西南风 <3级,0,详情
烟台,福山,多云,西南风 <3级,10,晴,西南风 <3级,-1,详情
烟台,牟平,多云,西南风 <3级,10,晴,西南风 <3级,2,详情
烟台,莱阳,多云,南风 <3级,10,晴,西南风 <3级,-1,详情
烟台,海阳,小雨,西南风 <3级,9,晴,西风 <3级,-1,详情
烟台,芝罘,多云,西南风 <3级,10,晴,西南风 <3级,1,详情
烟台,莱山,多云,西南风 <3级,10,晴,西南风 <3级,1,详情
潍坊,潍坊,晴,东南风 <3级,11,晴,西风 <3级,-1,详情
潍坊,青州,晴,南风 <3级,12,晴,南风 <3级,-1,详情
潍坊,寿光,晴,南风 <3级,11,晴,南风 <3级,-2,详情
潍坊,临朐,晴,西南风 <3级,11,晴,西南风 <3级,-2,详情
潍坊,昌乐,晴,南风 <3级,11,晴,南风 <3级,-1,详情
潍坊,昌邑,多云,东南风 <3级,11,晴,东南风 <3级,-2,详情
潍坊,安丘,晴,南风 <3级,11,晴,西南风 <3级,-2,详情
潍坊,高密,多云,西南风 <3级,11,晴,西南风 <3级,-2,详情
潍坊,诸城,晴,西风 <3级,10,晴,西风 <3级,0,详情
潍坊,潍城,晴,东南风 <3级,11,晴,西风 <3级,-1,详情
潍坊,寒亭,晴,东南风 <3级,11,晴,西风 <3级,-1,详情
潍坊,坊子,晴,东南风 <3级,11,晴,西风 <3级,-1,详情
潍坊,奎文,晴,东南风 <3级,11,晴,西风 <3级,-1,详情
济宁,济宁,晴,南风 <3级,12,多云,东南风 <3级,0,详情
济宁,嘉祥,晴,南风 <3级,12,多云,东南风 <3级,0,详情
济宁,微山,晴,南风 <3级,11,多云,南风 <3级,1,详情
济宁,鱼台,晴,南风 <3级,12,多云,东南风 <3级,0,详情
济宁,兖州,晴,西南风 <3级,11,多云,东南风 <3级,-1,详情
济宁,金乡,晴,南风 <3级,12,多云,东南风 <3级,0,详情
济宁,汶上,晴,南风 <3级,11,多云,东南风 <3级,-1,详情
济宁,泗水,晴,西南风 <3级,10,多云,南风 <3级,-1,详情
济宁,梁山,晴,南风 <3级,12,多云,东南风 <3级,0,详情
济宁,曲阜,晴,西南风 <3级,11,多云,东南风 <3级,0,详情
济宁,邹城,晴,南风 <3级,11,多云,东南风 <3级,0,详情
济宁,任城,晴,南风 <3级,12,多云,东南风 <3级,0,详情
泰安,泰安,晴,南风 <3级,10,晴,南风 <3级,-1,详情
泰安,新泰,晴,南风 <3级,10,晴,南风 <3级,-1,详情
泰安,泰山,晴,南风 <3级,10,晴,南风 <3级,-1,详情
泰安,肥城,晴,南风 <3级,10,晴,南风 <3级,-1,详情
泰安,东平,晴,南风 <3级,11,晴,南风 <3级,-1,详情
泰安,宁阳,晴,南风 <3级,11,晴,南风 <3级,-1,详情
泰安,岱岳,晴,南风 <3级,10,晴,南风 <3级,-1,详情
临沂,临沂,晴,西南风 <3级,10,晴,西风 <3级,-2,详情
临沂,莒南,晴,西南风 <3级,10,晴,西风 <3级,-1,详情
临沂,沂南,晴,西南风 <3级,10,晴,西南风 <3级,-2,详情
临沂,兰陵,晴,西南风 <3级,10,晴,西风 <3级,0,详情
临沂,临沭,晴,西南风 <3级,10,晴,西南风 <3级,-1,详情
临沂,郯城,晴,西南风 <3级,10,晴,西南风 <3级,1,详情
临沂,蒙阴,晴,西风 <3级,10,晴,西风 <3级,0,详情
临沂,平邑,晴,西南风 <3级,10,晴,南风 <3级,0,详情
临沂,费县,晴,西南风 <3级,10,晴,西南风 <3级,-1,详情
临沂,沂水,晴,西南风 <3级,10,晴,西南风 <3级,-3,详情
临沂,兰山,晴,西南风 <3级,10,晴,西风 <3级,-2,详情
临沂,罗庄,晴,西南风 <3级,10,晴,西风 <3级,-2,详情
临沂,河东,晴,西南风 <3级,10,晴,西风 <3级,-2,详情
菏泽,菏泽,晴,南风 <3级,12,多云,南风 <3级,0,详情
菏泽,鄄城,晴,南风 <3级,12,多云,南风 <3级,1,详情
菏泽,郓城,晴,南风 <3级,12,多云,东南风 <3级,0,详情
菏泽,东明,晴,南风 <3级,13,多云,南风 <3级,1,详情
菏泽,定陶,晴,南风 <3级,12,多云,南风 <3级,0,详情
菏泽,巨野,晴,南风 <3级,12,多云,东南风 <3级,0,详情
菏泽,曹县,晴,南风 <3级,12,多云,南风 <3级,0,详情
菏泽,成武,晴,南风 <3级,12,多云,南风 <3级,0,详情
菏泽,单县,晴,南风 <3级,12,多云,南风 <3级,0,详情
菏泽,牡丹,晴,南风 <3级,12,多云,南风 <3级,0,详情
滨州,滨州,晴,西南风 <3级,11,多云,西南风 <3级,-2,详情
滨州,博兴,晴,西南风 <3级,11,多云,西南风 <3级,-2,详情
滨州,无棣,晴,西南风 <3级,10,多云,西南风 <3级,-2,详情
滨州,阳信,晴,西南风 <3级,10,多云,西南风 <3级,-1,详情
滨州,惠民,晴,西南风 <3级,10,多云,西南风 <3级,-1,详情
滨州,沾化,晴,西南风 <3级,10,多云,西南风 <3级,-1,详情
滨州,邹平,晴,西南风 <3级,11,多云,西南风 <3级,-1,详情
滨州,滨城,晴,西南风 <3级,11,多云,西南风 <3级,-2,详情
东营,东营,多云,西南风 <3级,11,晴,南风 <3级,-1,详情
东营,河口,多云,西南风 <3级,10,晴,南风 <3级,-1,详情
东营,垦利,多云,西南风 <3级,11,晴,西南风 <3级,-1,详情
东营,利津,晴,西南风 <3级,11,晴,南风 <3级,-1,详情
东营,广饶,晴,南风 <3级,11,多云,西南风 <3级,-2,详情
威海,威海,多云,西南风 3-4级,10,晴,西南风 3-4级,2,详情
威海,文登,多云,西南风 3-4级,9,晴,西北风 3-4级,2,详情
威海,荣成,多云,西风 3-4级,10,晴,西北风 3-4级,0,详情
威海,乳山,多云,西南风 3-4级,10,晴,西风 3-4级,-2,详情
威海,成山头,阴,西风 3-4级,11,晴,西风 3-4级,9,详情
威海,石岛,多云,西风 3-4级,10,小雨,西北风 3-4级,4,详情
威海,环翠,多云,西南风 3-4级,10,晴,西南风 3-4级,2,详情
枣庄,枣庄,晴,西南风 <3级,10,多云,南风 <3级,0,详情
枣庄,薛城,晴,东南风 <3级,10,多云,东南风 <3级,2,详情
枣庄,峄城,晴,西南风 <3级,10,多云,东南风 <3级,0,详情
枣庄,台儿庄,晴,南风 <3级,11,多云,南风 <3级,0,详情
枣庄,滕州,晴,南风 <3级,10,多云,东南风 <3级,0,详情
枣庄,市中,晴,西南风 <3级,10,多云,南风 <3级,0,详情
枣庄,山亭,晴,南风 <3级,10,多云,东南风 <3级,0,详情
日照,日照,晴,西风 <3级,10,晴,西风 <3级,2,详情
日照,五莲,晴,西南风 <3级,9,晴,西南风 <3级,1,详情
日照,莒县,晴,西南风 <3级,10,晴,西南风 <3级,0,详情
日照,东港,晴,西风 <3级,10,晴,西风 <3级,2,详情
日照,岚山,晴,西风 <3级,10,晴,西风 <3级,2,详情
莱芜,莱芜,晴,南风 <3级,9,晴,南风 <3级,-2,详情
莱芜,莱城,晴,南风 <3级,9,晴,南风 <3级,-2,详情
莱芜,钢城,晴,南风 <3级,9,晴,南风 <3级,-2,详情
聊城,聊城,晴,南风 <3级,11,多云,南风 <3级,1,详情
聊城,冠县,晴,南风 <3级,11,多云,南风 <3级,1,详情
聊城,阳谷,晴,南风 <3级,11,多云,南风 <3级,1,详情
聊城,高唐,晴,南风 <3级,10,多云,南风 <3级,0,详情
聊城,茌平,晴,南风 <3级,11,多云,南风 <3级,1,详情
聊城,东阿,晴,南风 <3级,11,多云,南风 <3级,0,详情
聊城,临清,晴,南风 <3级,11,多云,南风 <3级,1,详情
聊城,东昌府,晴,南风 <3级,11,多云,南风 <3级,1,详情
聊城,莘县,晴,南风 <3级,11,多云,南风 <3级,0,详情
市,区/县,周三(11月15日)白天,周三(11月15日)白天,周三(11月15日)白天,周三(11月15日)夜间,周三(11月15日)夜间,周三(11月15日)夜间,
市,区/县,天气现象,风向风力,最高气温,天气现象,风向风力,最低气温,
济南,济南,多云,南风 <3级,13,阴,南风 <3级,3,详情
济南,长清,多云,南风 <3级,11,阴,南风 <3级,3,详情
济南,商河,多云,南风 <3级,12,阴,南风 <3级,1,详情
济南,章丘,多云,南风 <3级,12,阴,南风 <3级,1,详情
济南,平阴,多云,南风 <3级,11,阴,南风 <3级,2,详情
济南,济阳,多云,南风 <3级,12,阴,南风 <3级,2,详情
济南,历下,多云,南风 <3级,13,阴,南风 <3级,3,详情
济南,市中,多云,南风 <3级,13,阴,南风 <3级,3,详情
济南,槐荫,多云,南风 <3级,13,阴,南风 <3级,3,详情
济南,天桥,多云,南风 <3级,13,阴,南风 <3级,3,详情
济南,历城,多云,南风 <3级,13,阴,南风 <3级,3,详情
青岛,青岛,多云,西南风 3-4级,13,阴,西南风 3-4级,5,详情
青岛,崂山,多云,西南风 3-4级,12,阴,西南风 3-4级,3,详情
青岛,市南,多云,西南风 3-4级,13,阴,西南风 3-4级,5,详情
青岛,即墨,多云,西南风 3-4级,13,阴,西南风 3-4级,2,详情
青岛,胶州,多云,西南风 3-4级,13,小雨,西南风 3-4级,2,详情
青岛,黄岛,多云,西南风 3-4级,12,小雨,西南风 3-4级,3,详情
青岛,莱西,多云,西南风 3-4级,13,小雨,西南风 3-4级,1,详情
青岛,平度,多云,西南风 3-4级,12,小雨,西南风 3-4级,2,详情
青岛,市北,多云,西南风 3-4级,13,阴,西南风 3-4级,5,详情
青岛,李沧,多云,西南风 3-4级,12,阴,西南风 3-4级,3,详情
青岛,城阳,多云,西南风 3-4级,13,阴,西南风 3-4级,2,详情
淄博,淄博,阴,南风 <3级,13,小雨,西风 <3级,2,详情
淄博,淄川,阴,南风 <3级,13,小雨,西风 <3级,2,详情
淄博,博山,阴,南风 <3级,10,小雨,西风 <3级,2,详情
淄博,高青,阴,南风 <3级,13,小雨,西风 <3级,0,详情
淄博,周村,阴,南风 <3级,13,小雨,西风 <3级,2,详情
淄博,沂源,阴,南风 <3级,11,小雨,西风 <3级,1,详情
淄博,桓台,阴,南风 <3级,13,小雨,西风 <3级,2,详情
淄博,临淄,阴,南风 <3级,13,小雨,西风 <3级,1,详情
淄博,张店,阴,南风 <3级,13,小雨,西风 <3级,2,详情
德州,德州,阴,南风 <3级,12,多云,西北风 <3级,1,详情
德州,武城,阴,南风 <3级,11,多云,西北风 3-4级,1,详情
德州,临邑,阴,南风 <3级,12,多云,西北风 <3级,1,详情
德州,陵县,阴,南风 <3级,12,多云,西北风 <3级,2,详情
德州,齐河,阴,南风 <3级,12,多云,西北风 <3级,2,详情
德州,乐陵,阴,南风 <3级,12,多云,西北风 3-4级,1,详情
德州,庆云,阴,南风 <3级,12,多云,西北风 3-4级,1,详情
德州,平原,阴,南风 <3级,11,多云,西北风 3-4级,1,详情
德州,宁津,阴,南风 <3级,12,多云,西北风 <3级,1,详情
德州,夏津,阴,南风 <3级,11,多云,西北风 3-4级,1,详情
德州,禹城,阴,南风 <3级,12,多云,西北风 3-4级,2,详情
德州,德城,阴,南风 <3级,12,多云,西北风 <3级,1,详情
德州,陵城,阴,南风 <3级,12,多云,西北风 <3级,1,详情
烟台,烟台,阴,西南风 <3级,13,阴,西南风 <3级,3,详情
烟台,莱州,阴,南风 <3级,12,小雨,南风 <3级,4,详情
烟台,长岛,阴,西风 <3级,12,小雨,西风 3-4级,8,详情
烟台,蓬莱,阴,西风 <3级,12,小雨,西风 <3级,4,详情
烟台,龙口,阴,西风 <3级,12,小雨,西南风 <3级,5,详情
烟台,招远,阴,南风 <3级,12,小雨,西南风 <3级,1,详情
烟台,栖霞,阴,西南风 <3级,12,小雨,西南风 <3级,2,详情
烟台,福山,阴,西南风 <3级,14,小雨,西南风 <3级,2,详情
烟台,牟平,阴,南风 <3级,13,阴,南风 <3级,3,详情
烟台,莱阳,阴,南风 <3级,13,小雨,西南风 <3级,1,详情
烟台,海阳,阴,西南风 <3级,12,阴,西风 <3级,2,详情
烟台,芝罘,阴,西南风 <3级,13,阴,西南风 <3级,3,详情
烟台,莱山,阴,西南风 <3级,13,阴,西南风 <3级,3,详情
潍坊,潍坊,阴,南风 <3级,13,小雨,南风 <3级,2,详情
潍坊,青州,阴,西南风 <3级,13,小雨,西风 <3级,2,详情
潍坊,寿光,阴,西南风 <3级,13,小雨,西风 <3级,1,详情
潍坊,临朐,阴,南风 <3级,13,阴,西南风 <3级,0,详情
潍坊,昌乐,阴,西南风 <3级,13,小雨,西南风 <3级,1,详情
潍坊,昌邑,阴,南风 <3级,13,小雨,南风 <3级,0,详情
潍坊,安丘,阴,西南风 <3级,13,小雨,西南风 <3级,1,详情
潍坊,高密,阴,南风 <3级,13,小雨,西南风 <3级,0,详情
潍坊,诸城,阴,西南风 <3级,12,小雨,西南风 <3级,2,详情
潍坊,潍城,阴,南风 <3级,13,小雨,南风 <3级,2,详情
潍坊,寒亭,阴,南风 <3级,13,小雨,南风 <3级,2,详情
潍坊,坊子,阴,南风 <3级,13,小雨,南风 <3级,2,详情
潍坊,奎文,阴,南风 <3级,13,小雨,南风 <3级,2,详情
济宁,济宁,阴,南风 <3级,12,阴,西北风 <3级,1,详情
济宁,嘉祥,阴,南风 <3级,12,阴,西北风 <3级,2,详情
济宁,微山,小雨,东南风 <3级,11,多云,西北风 <3级,3,详情
济宁,鱼台,小雨,南风 <3级,12,多云,西风 <3级,2,详情
济宁,兖州,阴,南风 <3级,12,阴,西北风 <3级,1,详情
济宁,金乡,阴,南风 <3级,12,阴,西北风 <3级,2,详情
济宁,汶上,阴,南风 <3级,12,阴,西北风 <3级,1,详情
济宁,泗水,阴,南风 <3级,12,阴,西风 <3级,1,详情
济宁,梁山,阴,南风 <3级,12,多云,西北风 <3级,1,详情
济宁,曲阜,阴,南风 <3级,12,阴,西北风 <3级,2,详情
济宁,邹城,阴,南风 <3级,12,多云,西北风 <3级,2,详情
济宁,任城,阴,南风 <3级,12,阴,西北风 <3级,1,详情
泰安,泰安,多云,南风 <3级,12,阴,北风 <3级,1,详情
泰安,新泰,多云,南风 <3级,12,阴,北风 <3级,1,详情
泰安,泰山,多云,南风 <3级,12,阴,北风 <3级,1,详情
泰安,肥城,多云,南风 <3级,12,阴,北风 <3级,1,详情
泰安,东平,多云,南风 <3级,12,阴,北风 <3级,1,详情
泰安,宁阳,多云,南风 <3级,12,阴,北风 <3级,1,详情
泰安,岱岳,多云,南风 <3级,12,阴,北风 <3级,1,详情
临沂,临沂,多云,西南风 <3级,11,阴,西风 <3级,0,详情
临沂,莒南,多云,西南风 <3级,12,小雨,西南风 <3级,1,详情
临沂,沂南,多云,西南风 <3级,12,小雨,西风 <3级,0,详情
临沂,兰陵,多云,西南风 <3级,11,阴,西风 <3级,2,详情
临沂,临沭,多云,南风 <3级,11,小雨,西南风 <3级,1,详情
临沂,郯城,多云,南风 <3级,11,阴,西风 <3级,2,详情
临沂,蒙阴,多云,西南风 <3级,12,小雨,西风 <3级,1,详情
临沂,平邑,多云,南风 <3级,12,阴,西风 <3级,3,详情
临沂,费县,多云,西南风 <3级,12,小雨,西风 <3级,1,详情
临沂,沂水,多云,西南风 <3级,12,小雨,西南风 <3级,0,详情
临沂,兰山,多云,西南风 <3级,11,阴,西风 <3级,0,详情
临沂,罗庄,多云,西南风 <3级,11,阴,西风 <3级,0,详情
临沂,河东,多云,西南风 <3级,11,阴,西风 <3级,0,详情
菏泽,菏泽,阴,南风 <3级,12,多云,西北风 3-4级,1,详情
菏泽,鄄城,阴,西南风 <3级,12,多云,西北风 3-4级,2,详情
菏泽,郓城,阴,南风 <3级,12,多云,西北风 <3级,1,详情
菏泽,东明,阴,南风 <3级,13,多云,西风 <3级,3,详情
菏泽,定陶,阴,南风 <3级,12,多云,西北风 <3级,2,详情
菏泽,巨野,阴,南风 <3级,12,阴,西北风 <3级,2,详情
菏泽,曹县,小雨,南风 <3级,13,多云,西风 <3级,2,详情
菏泽,成武,阴,南风 <3级,13,多云,西北风 3-4级,2,详情
菏泽,单县,阴,南风 <3级,13,多云,西北风 3-4级,2,详情
菏泽,牡丹,阴,南风 <3级,12,多云,西北风 3-4级,1,详情
滨州,滨州,阴,西南风 <3级,12,阴,西南风 <3级,0,详情
滨州,博兴,阴,西南风 <3级,12,阴,西南风 <3级,0,详情
滨州,无棣,阴,西南风 <3级,12,阴,西南风 <3级,0,详情
滨州,阳信,阴,西南风 <3级,12,阴,西南风 <3级,1,详情
滨州,惠民,阴,西南风 <3级,12,阴,西南风 <3级,1,详情
滨州,沾化,阴,西南风 <3级,12,阴,西南风 <3级,1,详情
滨州,邹平,阴,西南风 <3级,13,阴,西南风 <3级,2,详情
滨州,滨城,阴,西南风 <3级,12,阴,西南风 <3级,0,详情
东营,东营,多云,南风 <3级,12,小雨,西风 <3级,1,详情
东营,河口,多云,南风 <3级,12,小雨,西风 <3级,1,详情
东营,垦利,多云,南风 <3级,12,小雨,西风 <3级,1,详情
东营,利津,多云,南风 <3级,12,小雨,西风 <3级,1,详情
东营,广饶,多云,西南风 <3级,13,小雨,西风 <3级,0,详情
威海,威海,阴,南风 3-4级,12,阴,西南风 3-4级,4,详情
威海,文登,阴,西南风 3-4级,12,阴,西南风 3-4级,3,详情
威海,荣成,阴,西南风 3-4级,12,小雨,西风 3-4级,3,详情
威海,乳山,阴,南风 3-4级,12,阴,西风 3-4级,0,详情
威海,成山头,阴,西南风 3-4级,13,小雨,西南风 3-4级,11,详情
威海,石岛,阴,西南风 3-4级,12,小雨,西南风 3-4级,5,详情
威海,环翠,阴,南风 3-4级,12,阴,西南风 3-4级,4,详情
枣庄,枣庄,小雨,西南风 <3级,10,多云,西北风 <3级,1,详情
枣庄,薛城,小雨,南风 <3级,11,多云,西北风 <3级,3,详情
枣庄,峄城,小雨,西南风 <3级,11,多云,西北风 <3级,2,详情
枣庄,台儿庄,小雨,西南风 <3级,12,阴,西风 <3级,1,详情
枣庄,滕州,阴,南风 <3级,11,多云,西北风 <3级,2,详情
枣庄,市中,小雨,西南风 <3级,10,多云,西北风 <3级,1,详情
枣庄,山亭,阴,南风 <3级,11,多云,西北风 <3级,2,详情
日照,日照,阴,西南风 <3级,12,小雨,西风 <3级,3,详情
日照,五莲,阴,西南风 <3级,12,小雨,西南风 <3级,3,详情
日照,莒县,阴,西南风 <3级,12,小雨,西南风 <3级,2,详情
日照,东港,阴,西南风 <3级,12,小雨,西风 <3级,3,详情
日照,岚山,阴,西南风 <3级,12,小雨,西风 <3级,3,详情
莱芜,莱芜,多云,南风 <3级,11,阴,南风 <3级,0,详情
莱芜,莱城,多云,南风 <3级,11,阴,南风 <3级,0,详情
莱芜,钢城,多云,南风 <3级,11,阴,南风 <3级,0,详情
聊城,聊城,多云,南风 <3级,11,阴,北风 <3级,2,详情
聊城,冠县,多云,南风 <3级,11,阴,北风 <3级,2,详情
聊城,阳谷,多云,南风 <3级,11,阴,北风 <3级,2,详情
聊城,高唐,多云,南风 <3级,11,阴,北风 <3级,1,详情
聊城,茌平,多云,南风 <3级,11,阴,北风 <3级,2,详情
聊城,东阿,多云,南风 <3级,11,阴,北风 <3级,2,详情
聊城,临清,多云,南风 <3级,11,阴,北风 <3级,2,详情
聊城,东昌府,多云,南风 <3级,11,阴,北风 <3级,2,详情
聊城,莘县,多云,南风 <3级,11,阴,北风 <3级,1,详情
市,区/县,周四(11月16日)白天,周四(11月16日)白天,周四(11月16日)白天,周四(11月16日)夜间,周四(11月16日)夜间,周四(11月16日)夜间,
市,区/县,天气现象,风向风力,最高气温,天气现象,风向风力,最低气温,
济南,济南,多云,北风 3-4级,10,晴,南风 <3级,0,详情
济南,长清,多云,北风 <3级,10,晴,南风 <3级,-1,详情
济南,商河,多云,北风 3-4级,10,晴,南风 <3级,-2,详情
济南,章丘,多云,北风 3-4级,9,晴,南风 <3级,-1,详情
济南,平阴,多云,北风 3-4级,11,晴,南风 <3级,0,详情
济南,济阳,多云,北风 3-4级,10,晴,南风 <3级,-1,详情
济南,历下,多云,北风 3-4级,10,晴,南风 <3级,0,详情
济南,市中,多云,北风 3-4级,10,晴,南风 <3级,0,详情
济南,槐荫,多云,北风 3-4级,10,晴,南风 <3级,0,详情
济南,天桥,多云,北风 3-4级,10,晴,南风 <3级,0,详情
济南,历城,多云,北风 3-4级,10,晴,南风 <3级,0,详情
青岛,青岛,小雨,北风 5-6级,13,阴,北风 5-6级,5,详情
青岛,崂山,小雨,北风 5-6级,12,阴,北风 5-6级,1,详情
青岛,市南,小雨,北风 5-6级,13,阴,北风 5-6级,5,详情
青岛,即墨,小雨,北风 5-6级,13,阴,北风 5-6级,1,详情
青岛,胶州,小雨,北风 5-6级,13,阴,北风 5-6级,2,详情
青岛,黄岛,小雨,北风 5-6级,13,阴,北风 5-6级,4,详情
青岛,莱西,小雨,北风 5-6级,11,阴,北风 5-6级,1,详情
青岛,平度,小雨,北风 5-6级,11,阴,北风 5-6级,1,详情
青岛,市北,小雨,北风 5-6级,13,阴,北风 5-6级,5,详情
青岛,李沧,小雨,北风 5-6级,12,阴,北风 5-6级,1,详情
青岛,城阳,小雨,北风 5-6级,13,阴,北风 5-6级,1,详情
淄博,淄博,晴,西北风 3-4级,10,晴,西风 <3级,-2,详情
淄博,淄川,晴,西北风 3-4级,9,晴,西南风 <3级,-1,详情
淄博,博山,晴,西北风 3-4级,8,晴,西南风 <3级,-3,详情
淄博,高青,晴,西北风 3-4级,10,晴,西风 <3级,-1,详情
淄博,周村,晴,西北风 3-4级,10,晴,西南风 <3级,-1,详情
淄博,沂源,晴,西北风 3-4级,8,晴,西风 <3级,-2,详情
淄博,桓台,晴,西北风 3-4级,10,晴,西风 <3级,-1,详情
淄博,临淄,晴,西北风 3-4级,10,晴,西风 <3级,0,详情
淄博,张店,晴,西北风 3-4级,10,晴,西风 <3级,-2,详情
德州,德州,晴,西北风 <3级,11,晴,南风 <3级,0,详情
德州,武城,晴,西北风 3-4级,11,晴,南风 <3级,1,详情
德州,临邑,晴,西北风 3-4级,11,晴,南风 <3级,-1,详情
德州,陵县,晴,西北风 <3级,11,晴,南风 <3级,0,详情
德州,齐河,多云,西北风 <3级,11,晴,南风 <3级,-1,详情
德州,乐陵,晴,西北风 3-4级,10,晴,南风 <3级,-1,详情
德州,庆云,晴,西北风 3-4级,10,晴,南风 <3级,-1,详情
德州,平原,晴,西北风 <3级,11,晴,南风 <3级,-1,详情
德州,宁津,晴,西北风 3-4级,10,晴,南风 <3级,-1,详情
德州,夏津,晴,西北风 3-4级,11,晴,南风 <3级,1,详情
德州,禹城,晴,西北风 3-4级,11,晴,南风 <3级,-1,详情
德州,德城,晴,西北风 <3级,11,晴,南风 <3级,0,详情
德州,陵城,晴,西北风 3-4级,10,晴,南风 <3级,-1,详情
烟台,烟台,小雨,西北风 4-5级,11,小雨,西北风 4-5级,6,详情
烟台,莱州,小雨,西北风 4-5级,10,小雨,西北风 3-4级,6,详情
烟台,长岛,中雨,西北风 4-5级,11,多云,西北风 4-5级,7,详情
烟台,蓬莱,小雨,西北风 3-4级,10,小雨,西北风 3-4级,6,详情
烟台,龙口,小雨,西北风 4-5级,10,小雨,西北风 3-4级,6,详情
烟台,招远,小雨,西北风 3-4级,10,小雨,西北风 <3级,4,详情
烟台,栖霞,小雨,西北风 3-4级,9,雨夹雪,西北风 <3级,1,详情
烟台,福山,小雨,西北风 3-4级,11,小雨,西风 <3级,3,详情
烟台,牟平,小雨,西北风 4-5级,11,小雨,西北风 4-5级,6,详情
烟台,莱阳,小雨,西北风 3-4级,12,雨夹雪,西北风 <3级,1,详情
烟台,海阳,小雨,西北风 3-4级,12,晴,西北风 <3级,2,详情
烟台,芝罘,小雨,西北风 4-5级,11,小雨,西北风 4-5级,6,详情
烟台,莱山,小雨,西北风 4-5级,11,小雨,西北风 4-5级,6,详情
潍坊,潍坊,小雨,西北风 3-4级,11,晴,西北风 <3级,1,详情
潍坊,青州,晴,西北风 3-4级,9,晴,西北风 <3级,0,详情
潍坊,寿光,多云,西北风 3-4级,10,晴,西风 <3级,1,详情
潍坊,临朐,晴,西北风 3-4级,9,晴,西北风 <3级,-2,详情
潍坊,昌乐,晴,西北风 3-4级,10,晴,西北风 <3级,1,详情
潍坊,昌邑,小雨,西北风 3-4级,10,晴,西北风 <3级,1,详情
潍坊,安丘,晴,西北风 4-5级,11,晴,西北风 <3级,1,详情
潍坊,高密,小雨,西北风 4-5级,12,晴,西北风 <3级,2,详情
潍坊,诸城,多云,西北风 3-4级,12,晴,西北风 <3级,0,详情
潍坊,潍城,小雨,西北风 3-4级,11,晴,西北风 <3级,1,详情
潍坊,寒亭,小雨,西北风 3-4级,11,晴,西北风 <3级,1,详情
潍坊,坊子,小雨,西北风 3-4级,11,晴,西北风 <3级,1,详情
潍坊,奎文,小雨,西北风 3-4级,11,晴,西北风 <3级,1,详情
济宁,济宁,晴,西北风 3-4级,12,晴,西风 <3级,0,详情
济宁,嘉祥,晴,西北风 3-4级,12,晴,西风 <3级,1,详情
济宁,微山,晴,西北风 3-4级,12,晴,西风 <3级,-1,详情
济宁,鱼台,晴,西北风 3-4级,12,晴,西风 <3级,1,详情
济宁,兖州,晴,西北风 3-4级,12,晴,西风 <3级,-1,详情
济宁,金乡,晴,西北风 3-4级,13,晴,西风 <3级,1,详情
济宁,汶上,晴,西北风 3-4级,12,晴,西风 <3级,-1,详情
济宁,泗水,晴,西北风 3-4级,11,晴,西南风 <3级,-1,详情
济宁,梁山,晴,西北风 3-4级,12,晴,西风 <3级,0,详情
济宁,曲阜,晴,西北风 3-4级,12,晴,西风 <3级,-1,详情
济宁,邹城,晴,西北风 3-4级,11,晴,西北风 <3级,-1,详情
济宁,任城,晴,西北风 3-4级,12,晴,西风 <3级,0,详情
泰安,泰安,多云,北风 <3级,11,晴,北风 <3级,0,详情
泰安,新泰,多云,西北风 <3级,11,晴,北风 <3级,0,详情
泰安,泰山,多云,北风 <3级,11,晴,北风 <3级,0,详情
泰安,肥城,多云,西北风 <3级,11,晴,北风 <3级,0,详情
泰安,东平,多云,西北风 <3级,11,晴,北风 <3级,0,详情
泰安,宁阳,多云,西北风 <3级,11,晴,北风 <3级,0,详情
泰安,岱岳,多云,北风 <3级,11,晴,北风 <3级,0,详情
临沂,临沂,晴,西北风 3-4级,12,晴,西风 <3级,0,详情
临沂,莒南,晴,西北风 3-4级,12,晴,西北风 <3级,0,详情
临沂,沂南,晴,西北风 3-4级,12,晴,西北风 <3级,-1,详情
临沂,兰陵,晴,西北风 3-4级,12,晴,西北风 <3级,1,详情
临沂,临沭,晴,西北风 3-4级,12,晴,西北风 <3级,0,详情
临沂,郯城,晴,西北风 3-4级,13,晴,西风 <3级,0,详情
临沂,蒙阴,晴,西北风 3-4级,10,晴,西北风 <3级,0,详情
临沂,平邑,晴,西北风 3-4级,11,晴,西北风 <3级,-1,详情
临沂,费县,晴,西北风 3-4级,11,晴,西北风 <3级,0,详情
临沂,沂水,晴,西北风 3-4级,12,晴,西北风 <3级,-1,详情
临沂,兰山,晴,西北风 3-4级,12,晴,西风 <3级,0,详情
临沂,罗庄,晴,西北风 3-4级,12,晴,西风 <3级,0,详情
临沂,河东,晴,西北风 3-4级,12,晴,西风 <3级,0,详情
菏泽,菏泽,晴,西北风 3-4级,13,晴,西风 <3级,1,详情
菏泽,鄄城,晴,西北风 3-4级,13,晴,西风 <3级,1,详情
菏泽,郓城,晴,西北风 3-4级,12,晴,西风 <3级,1,详情
菏泽,东明,晴,西北风 3-4级,13,晴,西风 <3级,2,详情
菏泽,定陶,晴,西北风 3-4级,13,晴,西北风 <3级,1,详情
菏泽,巨野,晴,西北风 3-4级,13,晴,西风 <3级,1,详情
菏泽,曹县,晴,西北风 3-4级,13,晴,西北风 <3级,1,详情
菏泽,成武,晴,西北风 3-4级,13,晴,西风 <3级,1,详情
菏泽,单县,晴,西北风 3-4级,13,晴,西风 <3级,1,详情
菏泽,牡丹,晴,西北风 3-4级,13,晴,西风 <3级,1,详情
滨州,滨州,多云,西北风 3-4级,10,晴,西风 <3级,-1,详情
滨州,博兴,多云,西北风 3-4级,10,晴,西风 <3级,-1,详情
滨州,无棣,多云,西北风 3-4级,10,晴,西风 <3级,-1,详情
滨州,阳信,多云,西北风 3-4级,10,晴,西风 <3级,-1,详情
滨州,惠民,多云,西北风 3-4级,9,晴,西风 <3级,-2,详情
滨州,沾化,多云,西北风 3-4级,9,晴,西风 <3级,0,详情
滨州,邹平,多云,西北风 3-4级,10,晴,西风 <3级,-1,详情
滨州,滨城,多云,西北风 3-4级,10,晴,西风 <3级,-1,详情
东营,东营,小雨,西北风 4-5级,10,晴,西风 <3级,0,详情
东营,河口,小雨,西北风 4-5级,9,晴,西北风 <3级,0,详情
东营,垦利,小雨,西北风 4-5级,10,晴,西风 <3级,0,详情
东营,利津,小雨,西北风 3-4级,10,晴,西北风 <3级,-1,详情
东营,广饶,小雨,西北风 3-4级,10,晴,西风 <3级,0,详情
威海,威海,小雨,西风 4-5级,11,小雨,西北风 3-4级,5,详情
威海,文登,小雨,西北风 3-4级,11,雨夹雪,西北风 3-4级,1,详情
威海,荣成,小雨,西风 3-4级,11,小雨,西北风 3-4级,4,详情
威海,乳山,小雨,西北风 3-4级,11,晴,西风 3-4级,1,详情
威海,成山头,小雨,西北风 5-6级,13,小雨,西北风 5-6级,7,详情
威海,石岛,小雨,西风 4-5级,12,小雨,西北风 3-4级,4,详情
威海,环翠,小雨,西风 4-5级,11,小雨,西北风 3-4级,5,详情
枣庄,枣庄,晴,西北风 3-4级,12,晴,西北风 <3级,1,详情
枣庄,薛城,晴,西北风 3-4级,12,晴,西北风 <3级,2,详情
枣庄,峄城,晴,西北风 3-4级,12,晴,西北风 <3级,0,详情
枣庄,台儿庄,晴,西北风 3-4级,13,晴,西北风 <3级,-1,详情
枣庄,滕州,晴,西北风 3-4级,12,晴,西风 <3级,0,详情
枣庄,市中,晴,西北风 3-4级,12,晴,西北风 <3级,1,详情
枣庄,山亭,晴,西北风 3-4级,12,晴,西风 <3级,0,详情
日照,日照,多云,西北风 3-4级,13,晴,西北风 <3级,2,详情
日照,五莲,多云,西北风 3-4级,12,晴,西北风 <3级,0,详情
日照,莒县,晴,西北风 3-4级,12,晴,西北风 <3级,-2,详情
日照,东港,多云,西北风 3-4级,13,晴,西北风 <3级,2,详情
日照,岚山,多云,西北风 3-4级,13,晴,西北风 <3级,2,详情
莱芜,莱芜,多云,北风 3-4级,9,晴,南风 <3级,-1,详情
莱芜,莱城,多云,北风 3-4级,9,晴,南风 <3级,-1,详情
莱芜,钢城,多云,北风 3-4级,9,晴,南风 <3级,-1,详情
聊城,聊城,多云,北风 3-4级,11,晴,南风 <3级,1,详情
聊城,冠县,多云,北风 3-4级,12,晴,南风 <3级,0,详情
聊城,阳谷,多云,北风 3-4级,12,晴,南风 <3级,0,详情
聊城,高唐,多云,北风 3-4级,11,晴,南风 <3级,1,详情
聊城,茌平,多云,北风 3-4级,11,晴,南风 <3级,1,详情
聊城,东阿,多云,北风 3-4级,11,晴,南风 <3级,0,详情
聊城,临清,多云,北风 3-4级,11,晴,南风 <3级,1,详情
聊城,东昌府,多云,北风 3-4级,11,晴,南风 <3级,1,详情
聊城,莘县,多云,北风 3-4级,12,晴,南风 <3级,0,详情
